질문,답변
스타코프 과금형 충전기(3kW)는 어떻게 사용하나요?,"홈앤서비스 스타코프 차지콘 충전기는
차지비 메인 서비스와는 별도의 플랫폼으로 운영되고 있어,
차지비 모바일 앱 및 결제수단(결제카드·캐시·크레딧·포인트 등)과 연동되지 않습니다.
해당 충전기 이용을 위해서는 아래 홈앤서비스 전용 URL을 통해 회원가입 후 이용해 주시기 바랍니다.

▶  스타코프 회원가입 바로가기

또한, 홈앤서비스 스타코프 충전기(3kW, GRE 모델) 사용 방법은
아래 안내 포스팅을 참고해 주세요.

▶  스타코프 충전기 사용법 바로가기"
모바일 앱으로 동시 충전도 가능한가요?,"네, 모바일 앱으로 동시 충전이 가능합니다. 
사용 방법은 아래 가이드를 참고 바랍니다. 

바로가기"
차지비 카드로 아파트에 설치된 충전기 사용이 안돼요,"아파트에 설치된 충전기 중 아파트 자체 관리 및 관리비로 청구되는 충전기는 차지비 회원카드로 사용이 불가하오니, 관리사무소에 문의바랍니다.
또한, 로밍이 되어있지 않은 충전사업자는 이용이 불가합니다. 로밍이 가능한 사업자를 확인하고 싶으신 경우에는 홈페이지 충전요금안내 탭을 확인 부탁드립니다."
완속/급속 충전기별 최대 충전 시간이 정해져 있나요?,"차량의 배터리 잔량에 따라 다르며, 충전기 별 (완속/급속) 최대 충전 가능 시간이 상이할 수 있습니다. (완속: 9시간 ~ 14시간 / 급속: 50분 ~ 1시간)"
한국전력 공동주택 충전기도 사용 가능한가요?,"한국전력 공동주택 충전기는 2022-05-23 부터 차지비 회원카드로 이용이 가능합니다.
차지비에서 발급한 회원카드를 한국전력 충전기에 접촉 시 인증되며, 충전요금은 차지비에서 결제됩니다."
비회원도 충전이 가능한가요?,"비회원은 충전 시 충전금액 및 결제수단 등록 후 결제 가능합니다.
※비회원 결제 후 차액 또는 미충전 건에 대해서는 확인 후 자동 취소 처리됩니다.
자세한 내용은 아래 가이드를 참고 부탁드립니다.
바로가기"
충전소 검색은 어떻게 하나요?,"차지비 모바일 앱에서 차지비를 비롯한 차지비 제휴 사업자 충전소를 편리하게 검색이 가능합니다. 충전소 검색에 대한 자세한 방법은 아래 가이드를 참고 부탁드립니다.

바로가기"
