시/도,시/군/구,모델명,트림명,보조금
서울(EV FESTA),서울특별시,2027 캐스퍼 일렉트릭,캐스퍼 일렉트릭 기본형 15인치,"6,370,000 원"
서울(EV FESTA),서울특별시,2027 캐스퍼 일렉트릭,캐스퍼 일렉트릭 항속형 15인치,"6,370,000 원"
서울(EV FESTA),서울특별시,2027 캐스퍼 일렉트릭,캐스퍼 일렉트릭 항속형 17인치,"6,370,000 원"
서울(EV FESTA),서울특별시,2027 캐스퍼 일렉트릭,캐스퍼 일렉트릭 크로스 17인치,"6,330,000 원"
서울(EV FESTA),서울특별시,2027 캐스퍼 일렉트릭,캐스퍼 일렉트릭 라운지 17인치,"6,370,000 원"
서울(EV FESTA),서울특별시,코나 Electric,기본형 E-Value +,"5,680,000 원"
서울(EV FESTA),서울특별시,코나 Electric,기본형 Premium,"5,680,000 원"
서울(EV FESTA),서울특별시,코나 Electric,항속형 Modern plus,"6,680,000 원"
서울(EV FESTA),서울특별시,코나 Electric,항속형 Modern plus 스타일 Ⅱ,"5,960,000 원"
서울(EV FESTA),서울특별시,코나 Electric,항속형 Premium,"6,680,000 원"
서울(EV FESTA),서울특별시,코나 Electric,항속형 Premium 빌트인 캠 2,"6,680,000 원"
서울(EV FESTA),서울특별시,코나 Electric,항속형 Premium 스타일 Ⅱ,"5,960,000 원"
서울(EV FESTA),서울특별시,코나 Electric,항속형 Inspiration,"5,960,000 원"
서울(EV FESTA),서울특별시,코나 Electric,항속형 N Line Inspiration,"5,960,000 원"
서울(EV FESTA),서울특별시,아이오닉 5,2WD E-Value +(스탠다드) 19인치,"6,270,000 원"
서울(EV FESTA),서울특별시,아이오닉 5,2WD E-Lite(롱레인지) 19인치,"7,370,000 원"
서울(EV FESTA),서울특별시,아이오닉 5,2WD 모던(롱레인지) 19인치,"7,370,000 원"
서울(EV FESTA),서울특별시,아이오닉 5,4WD E-Lite(롱레인지) 19인치,"7,250,000 원"
서울(EV FESTA),서울특별시,아이오닉 5,2WD 모던(롱레인지) 19인치 빌트인캠 2 + 증강현실 내비게이션,"7,330,000 원"
서울(EV FESTA),서울특별시,아이오닉 5,4WD 모던(롱레인지) 19인치,"7,250,000 원"
서울(EV FESTA),서울특별시,아이오닉 5,2WD 프리미엄(롱레인지) 19인치,"7,370,000 원"
서울(EV FESTA),서울특별시,아이오닉 5,2WD 프리미엄(롱레인지) 19인치 빌트인캠 2 + 증강현실 내비게이션,"7,330,000 원"
서울(EV FESTA),서울특별시,아이오닉 5,2WD 프리미엄(롱레인지) 20인치,"7,260,000 원"
서울(EV FESTA),서울특별시,아이오닉 5,2WD N LINE(롱레인지) 20인치,"7,030,000 원"
서울(EV FESTA),서울특별시,아이오닉 5,4WD 프리미엄(롱레인지) 19인치,"7,250,000 원"
서울(EV FESTA),서울특별시,아이오닉 5,4WD 프리미엄(롱레인지) 20인치,"6,910,000 원"
서울(EV FESTA),서울특별시,아이오닉 5,2WD 인스퍼레이션(롱레인지) 19인치,"7,370,000 원"
서울(EV FESTA),서울특별시,아이오닉 5,2WD 인스퍼레이션(롱레인지) 19인치 빌트인캠 2 + 증강현실 내비게이션,"7,330,000 원"
서울(EV FESTA),서울특별시,아이오닉 5,2WD 인스퍼레이션(롱레인지) 20인치,"7,260,000 원"
서울(EV FESTA),서울특별시,아이오닉 5,4WD N LINE(롱레인지) 20인치,"6,630,000 원"
서울(EV FESTA),서울특별시,아이오닉 5,4WD 인스퍼레이션(롱레인지) 19인치,"7,250,000 원"
서울(EV FESTA),서울특별시,아이오닉 5,4WD 인스퍼레이션(롱레인지) 20인치,"6,910,000 원"
서울(EV FESTA),서울특별시,더 뉴 아이오닉 6,2WD E-Value +(스탠다드) 18인치,"7,280,000 원"
서울(EV FESTA),서울특별시,더 뉴 아이오닉 6,2WD E-LITE(롱레인지) 18인치,"7,410,000 원"
서울(EV FESTA),서울특별시,더 뉴 아이오닉 6,2WD Exclusive(스탠다드) 18인치,"7,280,000 원"
서울(EV FESTA),서울특별시,더 뉴 아이오닉 6,2WD E-LITE(롱레인지) 20인치,"7,410,000 원"
서울(EV FESTA),서울특별시,더 뉴 아이오닉 6,4WD E-LITE(롱레인지) 18인치,"7,410,000 원"
서울(EV FESTA),서울특별시,더 뉴 아이오닉 6,4WD E-LITE(롱레인지) 20인치,"7,180,000 원"
서울(EV FESTA),서울특별시,더 뉴 아이오닉 6,2WD Exclusive(롱레인지) 18인치,"7,410,000 원"
서울(EV FESTA),서울특별시,더 뉴 아이오닉 6,2WD Prestige(스탠다드) 18인치,"7,280,000 원"
서울(EV FESTA),서울특별시,더 뉴 아이오닉 6,2WD Exclusive(롱레인지) 20인치,"7,410,000 원"
서울(EV FESTA),서울특별시,더 뉴 아이오닉 6,2WD N Line Exclusive(롱레인지) 20인치,"7,410,000 원"
서울(EV FESTA),서울특별시,더 뉴 아이오닉 6,4WD Exclusive(롱레인지) 18인치,"7,410,000 원"
서울(EV FESTA),서울특별시,더 뉴 아이오닉 6,4WD Exclusive(롱레인지) 20인치,"7,180,000 원"
서울(EV FESTA),서울특별시,더 뉴 아이오닉 6,2WD Prestige(롱레인지) 18인치,"7,410,000 원"
서울(EV FESTA),서울특별시,더 뉴 아이오닉 6,4WD N Line Exclusive(롱레인지) 20인치,"6,980,000 원"
서울(EV FESTA),서울특별시,더 뉴 아이오닉 6,2WD Prestige(롱레인지) 20인치,"7,410,000 원"
서울(EV FESTA),서울특별시,더 뉴 아이오닉 6,2WD N Line Prestige(롱레인지) 20인치,"7,410,000 원"
서울(EV FESTA),서울특별시,더 뉴 아이오닉 6,4WD Prestige(롱레인지) 18인치,"7,410,000 원"
서울(EV FESTA),서울특별시,더 뉴 아이오닉 6,4WD Prestige(롱레인지) 20인치,"7,180,000 원"
서울(EV FESTA),서울특별시,더 뉴 아이오닉 6,4WD N Line Prestige(롱레인지) 20인치,"6,980,000 원"
서울(EV FESTA),서울특별시,더 뉴 스타리아 라운지 Electric,2WD 오토 Prestige 7인승,"2,970,000 원"
서울(EV FESTA),서울특별시,더 뉴 스타리아 라운지 Electric,2WD 오토 Inspiration 7인승,"2,970,000 원"
서울(EV FESTA),서울특별시,GV60,GV60 스탠다드 2WD 19인치,"3,700,000 원"
서울(EV FESTA),서울특별시,GV60,GV60 스탠다드 AWD 19인치,"3,530,000 원"
서울(EV FESTA),서울특별시,GV60,GV60 스탠다드 AWD 20인치,"3,390,000 원"
서울(EV FESTA),서울특별시,아이오닉 9,2WD 익스클루시브 19인치 7인승,"3,560,000 원"
서울(EV FESTA),서울특별시,아이오닉 9,2WD 익스클루시브 19인치 6인승,"3,560,000 원"
서울(EV FESTA),서울특별시,아이오닉 9,4WD(항속) 익스클루시브 19인치 7인승,"3,520,000 원"
서울(EV FESTA),서울특별시,아이오닉 9,4WD(항속) 익스클루시브 19인치 6인승,"3,520,000 원"
서울(EV FESTA),서울특별시,아이오닉 9,4WD(성능) 익스클루시브 19인치 7인승,"3,530,000 원"
서울(EV FESTA),서울특별시,아이오닉 9,4WD(성능) 익스클루시브 19인치 6인승,"3,530,000 원"
서울(EV FESTA),서울특별시,아이오닉 9,2WD 프레스티지 19인치 7인승,"3,560,000 원"
서울(EV FESTA),서울특별시,아이오닉 9,2WD 프레스티지 21인치 7인승,"3,560,000 원"
서울(EV FESTA),서울특별시,아이오닉 9,2WD 프레스티지 19인치 6인승,"3,560,000 원"
서울(EV FESTA),서울특별시,아이오닉 9,2WD 프레스티지 21인치 6인승,"3,560,000 원"
서울(EV FESTA),서울특별시,아이오닉 9,4WD(항속) 프레스티지 19인치 7인승,"3,520,000 원"
서울(EV FESTA),서울특별시,아이오닉 9,4WD(항속) 프레스티지 21인치 7인승,"3,520,000 원"
서울(EV FESTA),서울특별시,아이오닉 9,4WD(항속) 프레스티지 19인치 6인승,"3,520,000 원"
서울(EV FESTA),서울특별시,아이오닉 9,4WD(항속) 프레스티지 21인치 6인승,"3,520,000 원"
서울(EV FESTA),서울특별시,아이오닉 9,4WD(성능) 프레스티지 19인치 7인승,"3,530,000 원"
서울(EV FESTA),서울특별시,아이오닉 9,4WD(성능) 프레스티지 21인치 7인승,"3,530,000 원"
서울(EV FESTA),서울특별시,아이오닉 9,4WD(성능) 프레스티지 19인치 6인승,"3,530,000 원"
서울(EV FESTA),서울특별시,아이오닉 9,4WD(성능) 프레스티지 21인치 6인승,"3,530,000 원"
서울(EV FESTA),서울특별시,아이오닉 9,2WD 캘리그래피 19인치 7인승,"3,560,000 원"
서울(EV FESTA),서울특별시,아이오닉 9,2WD 캘리그래피 21인치 7인승,"3,560,000 원"
서울(EV FESTA),서울특별시,아이오닉 9,2WD 캘리그래피 19인치 6인승,"3,560,000 원"
서울(EV FESTA),서울특별시,아이오닉 9,2WD 캘리그래피 21인치 6인승,"3,560,000 원"
서울(EV FESTA),서울특별시,아이오닉 9,4WD(항속) 캘리그래피 19인치 7인승,"3,520,000 원"
서울(EV FESTA),서울특별시,아이오닉 9,4WD(항속) 캘리그래피 21인치 7인승,"3,520,000 원"
서울(EV FESTA),서울특별시,아이오닉 9,4WD(성능) 캘리그래피 19인치 7인승,"3,530,000 원"
서울(EV FESTA),서울특별시,아이오닉 9,4WD(성능) 캘리그래피 21인치 7인승,"3,530,000 원"
서울(EV FESTA),서울특별시,아이오닉 9,4WD(항속) 캘리그래피 19인치 6인승,"3,520,000 원"
서울(EV FESTA),서울특별시,아이오닉 9,4WD(항속) 캘리그래피 21인치 6인승,"3,520,000 원"
서울(EV FESTA),서울특별시,아이오닉 9,4WD(성능) 캘리그래피 19인치 6인승,"3,530,000 원"
서울(EV FESTA),서울특별시,아이오닉 9,4WD(성능) 캘리그래피 21인치 6인승,"3,530,000 원"
서울(EV FESTA),서울특별시,Electrified GV70,ELECTRIFIED GV70 AWD 19인치,"3,390,000 원"
서울(EV FESTA),서울특별시,Electrified GV70,ELECTRIFIED GV70 AWD 20인치,"3,180,000 원"
서울(EV FESTA),서울특별시,아이오닉 6 N,4WD N,"3,250,000 원"
서울(EV FESTA),서울특별시,Electrified G80,ELECTRIFIED G80,"3,510,000 원"
서울(EV FESTA),서울특별시,더 뉴 스타리아 리무진 Electric,2WD 오토 Inspiration 리무진,"2,970,000 원"
