vehicle_type,category,질문,답변
전기차,충전소 기본 이용,충전완료 후 충전 커넥터가 분리되지 않습니다. 어떻게 잠금 해제하여 분리하나요?,"충전 완료 후 커넥터 연결해제가 되지 않는다면 아래와 같이 시도해보십시오

1) 차량 스마트키를 이용하여 도어 닫힘, 열림버튼을 누른 후 (3~4회 반복) 커넥터 상단 해제버튼을 누르고 당겨주시기 바랍니다
2) 차량의 접속구와 충전 커넥터가 일직선이 되어있는지 확인바랍니다. 충전 커넥터가 케이블 장력에 의해 꺾여있을 경우 분리가 되지 않을 수 있습니다
3) 위의 두가지 안내사항에도 커넥터 연결해제가 되지 않는다면 충전기 비상정지 버튼을 누르고, 1~2초 후 오른쪽으로 돌려 해제하고 커넥터 상단 해제버튼을 누르고 당겨주시기 바랍니다

(주의) 본인의 부주의로 충전기 커넥터가 파손된 경우, 법적 책임이 따를 수 있습니다"
전기차,충전소 기본 이용, 충전이 끝난 후 얼마 동안 주차할 수 있나요?,"급속 충전 특성상 고객님의 차량 배터리가 80%에 도달하면 충전이 완료되며, E-pit 앱에서 충전이 완료되었음을 알려드립니다.

충전이 완료되면 15분이내에 커넥터를 제자리에 두고 출차를 해주셔야 합니다.
미 출차시 분당 100원의 수수료가 부과되며, 발생한 미출차 수수료는 출차 완료 후 등록된 카드로 충전 금액과 함께 최종 결제됩니다."
전기차,충전소 기본 이용, E-pit 충전소의 운영시간,"E-pit 충전소는 24시간 무인으로 운영됩니다.
충전 중 불편한 사항이 있을 시 고객센터 대표번호 1566-8387 으로 연락부탁드립니다."
전기차,충전소 기본 이용, 충전 중 중단이 필요할땐 어떻게 하나요?,"충전 중 충전중단을 원하시면 E-pit 앱의 하단부에 ""충전중단"" 버튼을 눌러주십시오.
중단하신 시점까지의 충전량만큼 비용이 청구됩니다."
전기차,충전소 기본 이용, E-pit 충전소는 어떤 타입의 충전플러그를 지원하나요?,"E-pit 충전기는 국내 급속 충전 표준인 DC콤보 (CCS1) 을 지원합니다.

차량 제조사에서 DC콤보 (CCS1) 을 지원하는 차량만 E-pit 충전기 이용이 가능하며, 안전상의 이유로 E-pit 충전기 커넥터에 타충전표준으로 변환되는 어댑터 사용을 금지하고 있습니다.

어댑터를 사용하여 충전시 충전기가 파손된 경우, 법적 책임이 따를 수 있습니다."
