시/도,시/군/구,url 주소,모델명,트림명,세제 혜택 후,세제 혜택 전,보조금,국가 보조금,지자체 보조금,전환지원금,국가 전환지원금,지자체 전환지원금,최종가
서울,서울특별시,https://www.hyundai.com/contents/repn-car/side-w/casper_ev_26my_well_side.png,2027 캐스퍼 일렉트릭,캐스퍼 일렉트릭 기본형 15인치,"28,469,581원","29,950,000원","6,370,000원","4,900,000원","1,470,000원","1,270,000원","980,000원","290,000원","20,829,581원"
서울,서울특별시,https://www.hyundai.com/contents/repn-car/side-w/casper_ev_26my_well_side.png,2027 캐스퍼 일렉트릭,캐스퍼 일렉트릭 항속형 15인치,"32,119,772원","33,790,000원","6,370,000원","4,900,000원","1,470,000원","1,270,000원","980,000원","290,000원","24,479,772원"
서울,서울특별시,https://www.hyundai.com/contents/repn-car/side-w/casper_ev_26my_well_side.png,2027 캐스퍼 일렉트릭,캐스퍼 일렉트릭 항속형 17인치,"32,119,772원","33,790,000원","6,370,000원","4,900,000원","1,470,000원","1,270,000원","980,000원","290,000원","24,479,772원"
서울,서울특별시,https://www.hyundai.com/contents/repn-car/side-w/casper_ev_26my_well_side.png,2027 캐스퍼 일렉트릭,캐스퍼 일렉트릭 크로스 17인치,"34,125,474원","35,900,000원","6,330,000원","4,870,000원","1,460,000원","1,260,000원","970,000원","290,000원","26,535,474원"
서울,서울특별시,https://www.hyundai.com/contents/repn-car/side-w/casper_ev_26my_well_side.png,2027 캐스퍼 일렉트릭,캐스퍼 일렉트릭 라운지 17인치,"34,572,243원","36,370,000원","6,370,000원","4,900,000원","1,470,000원","1,270,000원","980,000원","290,000원","26,932,243원"
서울,서울특별시,https://www.hyundai.com/contents/repn-car/side-w/kona-electric-25my-well-side.png,코나 Electric,기본형 E-Value +,"41,520,912원","43,680,000원","5,680,000원","4,370,000원","1,310,000원","1,130,000원","870,000원","260,000원","34,710,912원"
서울,서울특별시,https://www.hyundai.com/contents/repn-car/side-w/kona-electric-25my-well-side.png,코나 Electric,기본형 Premium,"43,564,638원","45,830,000원","5,680,000원","4,370,000원","1,310,000원","1,130,000원","870,000원","260,000원","36,754,638원"
서울,서울특별시,https://www.hyundai.com/contents/repn-car/side-w/kona-electric-25my-well-side.png,코나 Electric,항속형 Modern plus,"45,655,893원","48,030,000원","6,680,000원","5,140,000원","1,540,000원","1,300,000원","1,000,000원","300,000원","37,675,893원"
서울,서울특별시,https://www.hyundai.com/contents/repn-car/side-w/kona-electric-25my-well-side.png,코나 Electric,항속형 Modern plus 스타일 Ⅱ,"45,655,893원","48,030,000원","6,680,000원","5,140,000원","1,540,000원","1,300,000원","1,000,000원","300,000원","37,675,893원"
서울,서울특별시,https://www.hyundai.com/contents/repn-car/side-w/kona-electric-25my-well-side.png,코나 Electric,항속형 Premium,"46,568,440원","48,990,000원","6,680,000원","5,140,000원","1,540,000원","1,300,000원","1,000,000원","300,000원","38,588,440원"
서울,서울특별시,https://www.hyundai.com/contents/repn-car/side-w/kona-electric-25my-well-side.png,코나 Electric,항속형 Premium 빌트인 캠 2,"46,568,440원","48,990,000원","6,680,000원","5,140,000원","1,540,000원","1,300,000원","1,000,000원","300,000원","38,588,440원"
서울,서울특별시,https://www.hyundai.com/contents/repn-car/side-w/kona-electric-25my-well-side.png,코나 Electric,항속형 Premium 스타일 Ⅱ,"46,568,440원","48,990,000원","6,680,000원","5,140,000원","1,540,000원","1,300,000원","1,000,000원","300,000원","38,588,440원"
서울,서울특별시,https://www.hyundai.com/contents/repn-car/side-w/kona-electric-25my-well-side.png,코나 Electric,항속형 Inspiration,"49,923,954원","52,520,000원","5,960,000원","4,590,000원","1,370,000원","1,200,000원","920,000원","280,000원","42,763,954원"
서울,서울특별시,https://www.hyundai.com/contents/repn-car/side-w/kona-electric-25my-well-side.png,코나 Electric,항속형 N Line Inspiration,"50,865,018원","53,510,000원","5,960,000원","4,590,000원","1,370,000원","1,200,000원","920,000원","280,000원","43,705,018원"
서울,서울특별시,https://www.hyundai.com/contents/repn-car/side-w/ioniq5-27my-well-side.png,아이오닉 5,2WD E-Value +(스탠다드) 19인치,"47,347,908원","49,810,000원","6,270,000원","4,830,000원","1,440,000원","1,260,000원","970,000원","290,000원","39,817,908원"
서울,서울특별시,https://www.hyundai.com/contents/repn-car/side-w/ioniq5-27my-well-side.png,아이오닉 5,2WD E-Lite(롱레인지) 19인치,"50,636,881원","53,270,000원","7,370,000원","5,670,000원","1,700,000원","1,300,000원","1,000,000원","300,000원","41,966,881원"
서울,서울특별시,https://www.hyundai.com/contents/repn-car/side-w/ioniq5-27my-well-side.png,아이오닉 5,2WD 모던(롱레인지) 19인치,"52,899,239원","55,650,000원","7,370,000원","5,670,000원","1,700,000원","1,300,000원","1,000,000원","300,000원","44,229,239원"
서울,서울특별시,https://www.hyundai.com/contents/repn-car/side-w/ioniq5-27my-well-side.png,아이오닉 5,4WD E-Lite(롱레인지) 19인치,"52,984,791원","55,740,000원","7,250,000원","5,580,000원","1,670,000원","1,300,000원","1,000,000원","300,000원","44,434,791원"
서울,서울특별시,https://www.hyundai.com/contents/repn-car/side-w/ioniq5-27my-well-side.png,아이오닉 5,2WD 모던(롱레인지) 19인치 빌트인캠 2 + 증강현실 내비게이션,"52,899,239원","55,650,000원","7,370,000원","5,670,000원","1,700,000원","1,300,000원","1,000,000원","300,000원","44,229,239원"
서울,서울특별시,https://www.hyundai.com/contents/repn-car/side-w/ioniq5-27my-well-side.png,아이오닉 5,4WD 모던(롱레인지) 19인치,"55,247,148원","58,120,000원","7,250,000원","5,580,000원","1,670,000원","1,300,000원","1,000,000원","300,000원","46,697,148원"
서울,서울특별시,https://www.hyundai.com/contents/repn-car/side-w/ioniq5-27my-well-side.png,아이오닉 5,2WD 프리미엄(롱레인지) 19인치,"58,241,444원","61,270,000원","7,370,000원","5,670,000원","1,700,000원","1,300,000원","1,000,000원","300,000원","49,571,444원"
서울,서울특별시,https://www.hyundai.com/contents/repn-car/side-w/ioniq5-27my-well-side.png,아이오닉 5,2WD 프리미엄(롱레인지) 19인치 빌트인캠 2 + 증강현실 내비게이션,"58,241,444원","61,270,000원","7,370,000원","5,670,000원","1,700,000원","1,300,000원","1,000,000원","300,000원","49,571,444원"
서울,서울특별시,https://www.hyundai.com/contents/repn-car/side-w/ioniq5-27my-well-side.png,아이오닉 5,2WD 프리미엄(롱레인지) 20인치,"58,707,224원","61,760,000원","7,260,000원","5,590,000원","1,670,000원","1,300,000원","1,000,000원","300,000원","50,147,224원"
서울,서울특별시,https://www.hyundai.com/contents/repn-car/side-w/ioniq5-27my-well-side.png,아이오닉 5,2WD N LINE(롱레인지) 20인치,"59,448,669원","62,540,000원","7,030,000원","5,410,000원","1,620,000원","1,300,000원","1,000,000원","300,000원","51,118,669원"
서울,서울특별시,https://www.hyundai.com/contents/repn-car/side-w/ioniq5-27my-well-side.png,아이오닉 5,4WD 프리미엄(롱레인지) 19인치,"60,589,354원","63,740,000원","7,250,000원","5,580,000원","1,670,000원","1,300,000원","1,000,000원","300,000원","52,039,354원"
서울,서울특별시,https://www.hyundai.com/contents/repn-car/side-w/ioniq5-27my-well-side.png,아이오닉 5,4WD 프리미엄(롱레인지) 20인치,"61,055,132원","64,230,000원","6,910,000원","5,320,000원","1,590,000원","1,300,000원","1,000,000원","300,000원","52,845,132원"
서울,서울특별시,https://www.hyundai.com/contents/repn-car/side-w/ioniq5-27my-well-side.png,아이오닉 5,2WD 인스퍼레이션(롱레인지) 19인치,"61,283,270원","64,470,000원","7,370,000원","5,670,000원","1,700,000원","1,300,000원","1,000,000원","300,000원","52,613,270원"
서울,서울특별시,https://www.hyundai.com/contents/repn-car/side-w/ioniq5-27my-well-side.png,아이오닉 5,2WD 인스퍼레이션(롱레인지) 19인치 빌트인캠 2 + 증강현실 내비게이션,"61,283,270원","64,470,000원","7,370,000원","5,670,000원","1,700,000원","1,300,000원","1,000,000원","300,000원","52,613,270원"
서울,서울특별시,https://www.hyundai.com/contents/repn-car/side-w/ioniq5-27my-well-side.png,아이오닉 5,2WD 인스퍼레이션(롱레인지) 20인치,"61,749,048원","64,960,000원","7,260,000원","5,590,000원","1,670,000원","1,300,000원","1,000,000원","300,000원","53,189,048원"
서울,서울특별시,https://www.hyundai.com/contents/repn-car/side-w/ioniq5-27my-well-side.png,아이오닉 5,4WD N LINE(롱레인지) 20인치,"61,796,577원","65,010,000원","6,630,000원","5,100,000원","1,530,000원","1,300,000원","1,000,000원","300,000원","53,866,577원"
서울,서울특별시,https://www.hyundai.com/contents/repn-car/side-w/ioniq5-27my-well-side.png,아이오닉 5,4WD 인스퍼레이션(롱레인지) 19인치,"63,631,178원","66,940,000원","7,250,000원","5,580,000원","1,670,000원","1,300,000원","1,000,000원","300,000원","55,081,178원"
서울,서울특별시,https://www.hyundai.com/contents/repn-car/side-w/ioniq5-27my-well-side.png,아이오닉 5,4WD 인스퍼레이션(롱레인지) 20인치,"64,096,958원","67,430,000원","6,910,000원","5,320,000원","1,590,000원","1,300,000원","1,000,000원","300,000원","55,886,958원"
서울,서울특별시,https://www.hyundai.com/contents/repn-car/side-w/ioniq6-25fl-well-side.png,더 뉴 아이오닉 6,2WD E-Value +(스탠다드) 18인치,"48,564,639원","51,090,000원","7,280,000원","5,600,000원","1,680,000원","1,300,000원","1,000,000원","300,000원","39,984,639원"
서울,서울특별시,https://www.hyundai.com/contents/repn-car/side-w/ioniq6-25fl-well-side.png,더 뉴 아이오닉 6,2WD E-LITE(롱레인지) 18인치,"50,636,881원","53,270,000원","7,410,000원","5,700,000원","1,710,000원","1,300,000원","1,000,000원","300,000원","41,926,881원"
서울,서울특별시,https://www.hyundai.com/contents/repn-car/side-w/ioniq6-25fl-well-side.png,더 뉴 아이오닉 6,2WD Exclusive(스탠다드) 18인치,"50,950,570원","53,600,000원","7,280,000원","5,600,000원","1,680,000원","1,300,000원","1,000,000원","300,000원","42,370,570원"
서울,서울특별시,https://www.hyundai.com/contents/repn-car/side-w/ioniq6-25fl-well-side.png,더 뉴 아이오닉 6,2WD E-LITE(롱레인지) 20인치,"51,197,719원","53,860,000원","7,410,000원","5,700,000원","1,710,000원","1,300,000원","1,000,000원","300,000원","42,487,719원"
서울,서울특별시,https://www.hyundai.com/contents/repn-car/side-w/ioniq6-25fl-well-side.png,더 뉴 아이오닉 6,4WD E-LITE(롱레인지) 18인치,"52,984,791원","55,740,000원","7,410,000원","5,700,000원","1,710,000원","1,300,000원","1,000,000원","300,000원","44,274,791원"
서울,서울특별시,https://www.hyundai.com/contents/repn-car/side-w/ioniq6-25fl-well-side.png,더 뉴 아이오닉 6,4WD E-LITE(롱레인지) 20인치,"53,545,627원","56,330,000원","7,180,000원","5,530,000원","1,650,000원","1,300,000원","1,000,000원","300,000원","45,065,627원"
서울,서울특별시,https://www.hyundai.com/contents/repn-car/side-w/ioniq6-25fl-well-side.png,더 뉴 아이오닉 6,2WD Exclusive(롱레인지) 18인치,"55,152,091원","58,020,000원","7,410,000원","5,700,000원","1,710,000원","1,300,000원","1,000,000원","300,000원","46,442,091원"
서울,서울특별시,https://www.hyundai.com/contents/repn-car/side-w/ioniq6-25fl-well-side.png,더 뉴 아이오닉 6,2WD Prestige(스탠다드) 18인치,"55,532,319원","58,420,000원","7,280,000원","5,600,000원","1,680,000원","1,300,000원","1,000,000원","300,000원","46,952,319원"
서울,서울특별시,https://www.hyundai.com/contents/repn-car/side-w/ioniq6-25fl-well-side.png,더 뉴 아이오닉 6,2WD Exclusive(롱레인지) 20인치,"55,712,927원","58,610,000원","7,410,000원","5,700,000원","1,710,000원","1,300,000원","1,000,000원","300,000원","47,002,927원"
서울,서울특별시,https://www.hyundai.com/contents/repn-car/side-w/ioniq6-25fl-well-side.png,더 뉴 아이오닉 6,2WD N Line Exclusive(롱레인지) 20인치,"57,452,472원","60,440,000원","7,410,000원","5,700,000원","1,710,000원","1,300,000원","1,000,000원","300,000원","48,742,472원"
서울,서울특별시,https://www.hyundai.com/contents/repn-car/side-w/ioniq6-25fl-well-side.png,더 뉴 아이오닉 6,4WD Exclusive(롱레인지) 18인치,"57,499,999원","60,490,000원","7,410,000원","5,700,000원","1,710,000원","1,300,000원","1,000,000원","300,000원","48,789,999원"
서울,서울특별시,https://www.hyundai.com/contents/repn-car/side-w/ioniq6-25fl-well-side.png,더 뉴 아이오닉 6,4WD Exclusive(롱레인지) 20인치,"58,060,836원","61,080,000원","7,180,000원","5,530,000원","1,650,000원","1,300,000원","1,000,000원","300,000원","49,580,836원"
서울,서울특별시,https://www.hyundai.com/contents/repn-car/side-w/ioniq6-25fl-well-side.png,더 뉴 아이오닉 6,2WD Prestige(롱레인지) 18인치,"59,724,335원","62,830,000원","7,410,000원","5,700,000원","1,710,000원","1,300,000원","1,000,000원","300,000원","51,014,335원"
서울,서울특별시,https://www.hyundai.com/contents/repn-car/side-w/ioniq6-25fl-well-side.png,더 뉴 아이오닉 6,4WD N Line Exclusive(롱레인지) 20인치,"59,800,380원","62,910,000원","6,980,000원","5,370,000원","1,610,000원","1,300,000원","1,000,000원","300,000원","51,520,380원"
서울,서울특별시,https://www.hyundai.com/contents/repn-car/side-w/ioniq6-25fl-well-side.png,더 뉴 아이오닉 6,2WD Prestige(롱레인지) 20인치,"60,285,171원","63,420,000원","7,410,000원","5,700,000원","1,710,000원","1,300,000원","1,000,000원","300,000원","51,575,171원"
서울,서울특별시,https://www.hyundai.com/contents/repn-car/side-w/ioniq6-25fl-well-side.png,더 뉴 아이오닉 6,2WD N Line Prestige(롱레인지) 20인치,"61,321,293원","64,510,000원","7,410,000원","5,700,000원","1,710,000원","1,300,000원","1,000,000원","300,000원","52,611,293원"
서울,서울특별시,https://www.hyundai.com/contents/repn-car/side-w/ioniq6-25fl-well-side.png,더 뉴 아이오닉 6,4WD Prestige(롱레인지) 18인치,"62,072,243원","65,300,000원","7,410,000원","5,700,000원","1,710,000원","1,300,000원","1,000,000원","300,000원","53,362,243원"
서울,서울특별시,https://www.hyundai.com/contents/repn-car/side-w/ioniq6-25fl-well-side.png,더 뉴 아이오닉 6,4WD Prestige(롱레인지) 20인치,"62,633,079원","65,890,000원","7,180,000원","5,530,000원","1,650,000원","1,300,000원","1,000,000원","300,000원","54,153,079원"
서울,서울특별시,https://www.hyundai.com/contents/repn-car/side-w/ioniq6-25fl-well-side.png,더 뉴 아이오닉 6,4WD N Line Prestige(롱레인지) 20인치,"63,669,201원","66,980,000원","6,980,000원","5,370,000원","1,610,000원","1,300,000원","1,000,000원","300,000원","55,389,201원"
서울,서울특별시,https://www.hyundai.com/contents/repn-car/side-w/the-new-staria-lounge-electric-27pe-well-side.png,더 뉴 스타리아 라운지 Electric,2WD 오토 Prestige 7인승,"63,593,156원","66,900,000원","2,970,000원","2,290,000원","680,000원","600,000원","460,000원","140,000원","60,023,156원"
서울,서울특별시,https://www.hyundai.com/contents/repn-car/side-w/the-new-staria-lounge-electric-27pe-well-side.png,더 뉴 스타리아 라운지 Electric,2WD 오토 Inspiration 7인승,"67,309,885원","70,810,000원","2,970,000원","2,290,000원","680,000원","600,000원","460,000원","140,000원","63,739,885원"
서울,서울특별시,https://www.hyundai.com/contents/repn-car/side-w/GV60-27MY.png,GV60,GV60 스탠다드 2WD 19인치,"64,904,943원","68,280,000원","3,700,000원","2,850,000원","850,000원","740,000원","570,000원","170,000원","60,464,943원"
서울,서울특별시,https://www.hyundai.com/contents/repn-car/side-w/GV60-27MY.png,GV60,GV60 스탠다드 AWD 19인치,"72,080,000원","72,080,000원","3,530,000원","2,720,000원","810,000원","700,000원","540,000원","160,000원","67,850,000원"
서울,서울특별시,https://www.hyundai.com/contents/repn-car/side-w/GV60-27MY.png,GV60,GV60 스탠다드 AWD 20인치,"74,380,000원","74,380,000원","3,390,000원","2,610,000원","780,000원","680,000원","520,000원","160,000원","70,310,000원"
서울,서울특별시,https://www.hyundai.com/contents/repn-car/side-w/ioniq9-27my-well-side.png,아이오닉 9,2WD 익스클루시브 19인치 7인승,"67,585,551원","71,100,000원","3,560,000원","2,740,000원","820,000원","720,000원","550,000원","170,000원","63,305,551원"
서울,서울특별시,https://www.hyundai.com/contents/repn-car/side-w/ioniq9-27my-well-side.png,아이오닉 9,2WD 익스클루시브 19인치 6인승,"68,165,399원","71,710,000원","3,560,000원","2,740,000원","820,000원","720,000원","550,000원","170,000원","63,885,399원"
서울,서울특별시,https://www.hyundai.com/contents/repn-car/side-w/ioniq9-27my-well-side.png,아이오닉 9,4WD(항속) 익스클루시브 19인치 7인승,"70,247,148원","73,900,000원","3,520,000원","2,710,000원","810,000원","700,000원","540,000원","160,000원","66,027,148원"
서울,서울특별시,https://www.hyundai.com/contents/repn-car/side-w/ioniq9-27my-well-side.png,아이오닉 9,4WD(항속) 익스클루시브 19인치 6인승,"70,826,995원","74,510,000원","3,520,000원","2,710,000원","810,000원","700,000원","540,000원","160,000원","66,606,995원"
서울,서울특별시,https://www.hyundai.com/contents/repn-car/side-w/ioniq9-27my-well-side.png,아이오닉 9,4WD(성능) 익스클루시브 19인치 7인승,"71,102,661원","74,800,000원","3,530,000원","2,720,000원","810,000원","700,000원","540,000원","160,000원","66,872,661원"
서울,서울특별시,https://www.hyundai.com/contents/repn-car/side-w/ioniq9-27my-well-side.png,아이오닉 9,4WD(성능) 익스클루시브 19인치 6인승,"71,682,509원","75,410,000원","3,530,000원","2,720,000원","810,000원","700,000원","540,000원","160,000원","67,452,509원"
서울,서울특별시,https://www.hyundai.com/contents/repn-car/side-w/ioniq9-27my-well-side.png,아이오닉 9,2WD 프레스티지 19인치 7인승,"73,241,445원","77,050,000원","3,560,000원","2,740,000원","820,000원","720,000원","550,000원","170,000원","68,961,445원"
서울,서울특별시,https://www.hyundai.com/contents/repn-car/side-w/ioniq9-27my-well-side.png,아이오닉 9,2WD 프레스티지 21인치 7인승,"73,241,445원","77,050,000원","3,560,000원","2,740,000원","820,000원","720,000원","550,000원","170,000원","68,961,445원"
서울,서울특별시,https://www.hyundai.com/contents/repn-car/side-w/ioniq9-27my-well-side.png,아이오닉 9,2WD 프레스티지 19인치 6인승,"73,735,741원","77,570,000원","3,560,000원","2,740,000원","820,000원","720,000원","550,000원","170,000원","69,455,741원"
서울,서울특별시,https://www.hyundai.com/contents/repn-car/side-w/ioniq9-27my-well-side.png,아이오닉 9,2WD 프레스티지 21인치 6인승,"73,735,741원","77,570,000원","3,560,000원","2,740,000원","820,000원","720,000원","550,000원","170,000원","69,455,741원"
서울,서울특별시,https://www.hyundai.com/contents/repn-car/side-w/ioniq9-27my-well-side.png,아이오닉 9,4WD(항속) 프레스티지 19인치 7인승,"75,903,041원","79,850,000원","3,520,000원","2,710,000원","810,000원","700,000원","540,000원","160,000원","71,683,041원"
서울,서울특별시,https://www.hyundai.com/contents/repn-car/side-w/ioniq9-27my-well-side.png,아이오닉 9,4WD(항속) 프레스티지 21인치 7인승,"75,903,041원","79,850,000원","3,520,000원","2,710,000원","810,000원","700,000원","540,000원","160,000원","71,683,041원"
서울,서울특별시,https://www.hyundai.com/contents/repn-car/side-w/ioniq9-27my-well-side.png,아이오닉 9,4WD(항속) 프레스티지 19인치 6인승,"76,397,338원","80,370,000원","3,520,000원","2,710,000원","810,000원","700,000원","540,000원","160,000원","72,177,338원"
서울,서울특별시,https://www.hyundai.com/contents/repn-car/side-w/ioniq9-27my-well-side.png,아이오닉 9,4WD(항속) 프레스티지 21인치 6인승,"76,397,338원","80,370,000원","3,520,000원","2,710,000원","810,000원","700,000원","540,000원","160,000원","72,177,338원"
서울,서울특별시,https://www.hyundai.com/contents/repn-car/side-w/ioniq9-27my-well-side.png,아이오닉 9,4WD(성능) 프레스티지 19인치 7인승,"76,758,555원","80,750,000원","3,530,000원","2,720,000원","810,000원","700,000원","540,000원","160,000원","72,528,555원"
서울,서울특별시,https://www.hyundai.com/contents/repn-car/side-w/ioniq9-27my-well-side.png,아이오닉 9,4WD(성능) 프레스티지 21인치 7인승,"76,758,555원","80,750,000원","3,530,000원","2,720,000원","810,000원","700,000원","540,000원","160,000원","72,528,555원"
서울,서울특별시,https://www.hyundai.com/contents/repn-car/side-w/ioniq9-27my-well-side.png,아이오닉 9,4WD(성능) 프레스티지 19인치 6인승,"77,252,851원","81,270,000원","3,530,000원","2,720,000원","810,000원","700,000원","540,000원","160,000원","73,022,851원"
서울,서울특별시,https://www.hyundai.com/contents/repn-car/side-w/ioniq9-27my-well-side.png,아이오닉 9,4WD(성능) 프레스티지 21인치 6인승,"77,252,851원","81,270,000원","3,530,000원","2,720,000원","810,000원","700,000원","540,000원","160,000원","73,022,851원"
서울,서울특별시,https://www.hyundai.com/contents/repn-car/side-w/ioniq9-27my-well-side.png,아이오닉 9,2WD 캘리그래피 19인치 7인승,"78,108,365원","82,170,000원","3,560,000원","2,740,000원","820,000원","720,000원","550,000원","170,000원","73,828,365원"
서울,서울특별시,https://www.hyundai.com/contents/repn-car/side-w/ioniq9-27my-well-side.png,아이오닉 9,2WD 캘리그래피 21인치 7인승,"78,108,365원","82,170,000원","3,560,000원","2,740,000원","820,000원","720,000원","550,000원","170,000원","73,828,365원"
서울,서울특별시,https://www.hyundai.com/contents/repn-car/side-w/ioniq9-27my-well-side.png,아이오닉 9,2WD 캘리그래피 19인치 6인승,"79,600,760원","83,740,000원","3,560,000원","2,740,000원","820,000원","720,000원","550,000원","170,000원","75,320,760원"
서울,서울특별시,https://www.hyundai.com/contents/repn-car/side-w/ioniq9-27my-well-side.png,아이오닉 9,2WD 캘리그래피 21인치 6인승,"79,600,760원","83,740,000원","3,560,000원","2,740,000원","820,000원","720,000원","550,000원","170,000원","75,320,760원"
서울,서울특별시,https://www.hyundai.com/contents/repn-car/side-w/ioniq9-27my-well-side.png,아이오닉 9,4WD(항속) 캘리그래피 19인치 7인승,"80,769,961원","84,970,000원","3,520,000원","2,710,000원","810,000원","700,000원","540,000원","160,000원","76,549,961원"
서울,서울특별시,https://www.hyundai.com/contents/repn-car/side-w/ioniq9-27my-well-side.png,아이오닉 9,4WD(항속) 캘리그래피 21인치 7인승,"80,769,961원","84,970,000원","3,520,000원","2,710,000원","810,000원","700,000원","540,000원","160,000원","76,549,961원"
서울,서울특별시,https://www.hyundai.com/contents/repn-car/side-w/ioniq9-27my-well-side.png,아이오닉 9,4WD(성능) 캘리그래피 19인치 7인승,"81,625,475원","85,870,000원","3,530,000원","2,720,000원","810,000원","700,000원","540,000원","160,000원","77,395,475원"
서울,서울특별시,https://www.hyundai.com/contents/repn-car/side-w/ioniq9-27my-well-side.png,아이오닉 9,4WD(성능) 캘리그래피 21인치 7인승,"81,625,475원","85,870,000원","3,530,000원","2,720,000원","810,000원","700,000원","540,000원","160,000원","77,395,475원"
서울,서울특별시,https://www.hyundai.com/contents/repn-car/side-w/ioniq9-27my-well-side.png,아이오닉 9,4WD(항속) 캘리그래피 19인치 6인승,"82,262,357원","86,540,000원","3,520,000원","2,710,000원","810,000원","700,000원","540,000원","160,000원","78,042,357원"
서울,서울특별시,https://www.hyundai.com/contents/repn-car/side-w/ioniq9-27my-well-side.png,아이오닉 9,4WD(항속) 캘리그래피 21인치 6인승,"82,262,357원","86,540,000원","3,520,000원","2,710,000원","810,000원","700,000원","540,000원","160,000원","78,042,357원"
서울,서울특별시,https://www.hyundai.com/contents/repn-car/side-w/ioniq9-27my-well-side.png,아이오닉 9,4WD(성능) 캘리그래피 19인치 6인승,"83,149,999원","87,440,000원","3,530,000원","2,720,000원","810,000원","700,000원","540,000원","160,000원","78,919,999원"
서울,서울특별시,https://www.hyundai.com/contents/repn-car/side-w/ioniq9-27my-well-side.png,아이오닉 9,4WD(성능) 캘리그래피 21인치 6인승,"83,149,999원","87,440,000원","3,530,000원","2,720,000원","810,000원","700,000원","540,000원","160,000원","78,919,999원"
서울,서울특별시,https://www.hyundai.com/contents/repn-car/side-w/Electrified-GV70-27MY.png,Electrified GV70,ELECTRIFIED GV70 AWD 19인치,"75,798,478원","79,740,000원","3,390,000원","2,610,000원","780,000원","680,000원","520,000원","160,000원","71,728,478원"
서울,서울특별시,https://www.hyundai.com/contents/repn-car/side-w/Electrified-GV70-27MY.png,Electrified GV70,ELECTRIFIED GV70 AWD 20인치,"76,558,935원","80,540,000원","3,180,000원","2,450,000원","730,000원","640,000원","490,000원","150,000원","72,738,935원"
서울,서울특별시,https://www.hyundai.com/contents/repn-car/side-w/ioniq6-n-25lc-well-side.png,아이오닉 6 N,4WD N,"79,904,942원","84,060,000원","3,250,000원","2,500,000원","750,000원","650,000원","500,000원","150,000원","76,004,942원"
서울,서울특별시,https://www.hyundai.com/contents/repn-car/side-w/g80_ev_27my-well-side.png,Electrified G80,ELECTRIFIED G80,"84,790,000원","89,080,000원","3,510,000원","2,700,000원","810,000원","700,000원","540,000원","160,000원","80,580,000원"
서울,서울특별시,https://www.hyundai.com/contents/repn-car/side-w/g80_ev_27my-well-side.png,Electrified G80,ELECTRIFIED G80,"87,790,000원","92,080,000원","3,510,000원","2,700,000원","810,000원","700,000원","540,000원","160,000원","83,580,000원"
서울,서울특별시,https://www.hyundai.com/contents/repn-car/side-w/the-new-staria-limousine-electric-27pe-well-side.png,더 뉴 스타리아 리무진 Electric,2WD 오토 Inspiration 리무진,"84,820,000원","89,110,000원","2,970,000원","2,290,000원","680,000원","600,000원","460,000원","140,000원","81,250,000원"
서울,서울특별시,https://www.hyundai.com/contents/repn-car/side-w/porter2-electric-26my-well-side.png,포터 II Electric ,오토 스타일스페셜,"43,500,000원","43,500,000원","13,080,000원","9,680,000원","3,400,000원","1,300,000원","1,000,000원","300,000원","29,120,000원"
서울,서울특별시,https://www.hyundai.com/contents/repn-car/side-w/porter2-electric-26my-well-side.png,포터 II Electric ,오토 스마트스페셜,"44,850,000원","44,850,000원","13,080,000원","9,680,000원","3,400,000원","1,300,000원","1,000,000원","300,000원","30,470,000원"
서울,서울특별시,https://www.hyundai.com/contents/repn-car/side-w/porter2-electric-26my-well-side.png,포터 II Electric ,오토 프리미엄스페셜,"46,450,000원","46,450,000원","13,080,000원","9,680,000원","3,400,000원","1,300,000원","1,000,000원","300,000원","32,070,000원"
서울,서울특별시,https://www.hyundai.com/contents/repn-car/side-w/porter2-electric-built-in-truck-26my-45side.png,포터II Electric 내장탑차,오토 스마트스페셜 저상,"49,030,000원","49,030,000원","10,640,000원","7,800,000원","2,840,000원","1,200,000원","920,000원","280,000원","37,190,000원"
서울,서울특별시,https://www.hyundai.com/contents/repn-car/side-w/porter2-electric-built-in-truck-26my-45side.png,포터II Electric 내장탑차,오토 스마트스페셜,"50,250,000원","50,250,000원","10,640,000원","7,800,000원","2,840,000원","1,200,000원","920,000원","280,000원","38,410,000원"
서울,서울특별시,https://www.hyundai.com/contents/repn-car/side-w/porter2-electric-built-in-truck-26my-45side.png,포터II Electric 내장탑차,오토 스마트스페셜 하이,"51,130,000원","51,130,000원","10,640,000원","7,800,000원","2,840,000원","1,200,000원","920,000원","280,000원","39,290,000원"
서울,서울특별시,https://www.hyundai.com/contents/repn-car/side-w/porter2-electric-powergate-truck-26my-45side.png,포터II Electric 파워게이트,오토 스마트스페셜,"50,000,000원","50,000,000원","10,640,000원","7,800,000원","2,840,000원","1,200,000원","920,000원","280,000원","38,160,000원"
서울,서울특별시,https://www.hyundai.com/contents/repn-car/side-w/porter2-electric-wingbody-26my-45side.png,포터II Electric 윙바디,오토 스마트스페셜 수동식,"51,030,000원","51,030,000원","10,640,000원","7,800,000원","2,840,000원","1,200,000원","920,000원","280,000원","39,190,000원"
서울,서울특별시,https://www.hyundai.com/contents/repn-car/side-w/porter2-electric-wingbody-26my-45side.png,포터II Electric 윙바디,오토 스마트스페셜 전동식,"55,240,000원","55,240,000원","10,640,000원","7,800,000원","2,840,000원","1,200,000원","920,000원","280,000원","43,400,000원"
서울,서울특별시,https://www.hyundai.com/contents/repn-car/side-w/the-new-staria-electric-27pe-well-side.png,더 뉴 스타리아 Electric,2WD 오토 Modern 3인승,"57,920,000원","57,920,000원","15,600,000원","12,000,000원","3,600,000원","1,300,000원","1,000,000원","300,000원","41,020,000원"
서울,서울특별시,https://www.hyundai.com/contents/repn-car/side-w/the-new-staria-electric-27pe-well-side.png,더 뉴 스타리아 Electric,2WD 오토 Modern 5인승,"58,700,000원","58,700,000원","15,600,000원","12,000,000원","3,600,000원","1,300,000원","1,000,000원","300,000원","41,800,000원"
서울,서울특별시,https://www.hyundai.com/contents/repn-car/side-w/st1-hightop-27my-well-side.png,ST1 하이탑차,오토 스마트,"58,830,000원","58,830,000원","14,800,000원","11,000,000원","3,800,000원","1,300,000원","1,000,000원","300,000원","42,730,000원"
서울,서울특별시,https://www.hyundai.com/contents/repn-car/side-w/st1-27my-well-side.png,ST1 카고,오토 스타일,"59,460,000원","59,460,000원","16,100,000원","12,000,000원","4,100,000원","1,300,000원","1,000,000원","300,000원","42,060,000원"
서울,서울특별시,https://www.hyundai.com/contents/repn-car/side-w/st1-27my-well-side.png,ST1 카고,오토 스마트,"61,230,000원","61,230,000원","16,100,000원","12,000,000원","4,100,000원","1,300,000원","1,000,000원","300,000원","43,830,000원"
서울,서울특별시,https://www.hyundai.com/contents/repn-car/side-w/st1-27my-well-side.png,ST1 카고,오토 프리미엄,"65,710,000원","65,710,000원","16,100,000원","12,000,000원","4,100,000원","1,300,000원","1,000,000원","300,000원","48,310,000원"
서울,서울특별시,https://www.hyundai.com/contents/repn-car/side-w/st1-freezer-truck-27my-well-side.png,ST1 카고 냉동,오토 스마트,"69,580,000원","69,580,000원","19,350,000원","14,500,000원","4,850,000원","1,300,000원","1,000,000원","300,000원","48,930,000원"
서울,서울특별시,https://www.hyundai.com/contents/repn-car/side-w/st1-freezer-truck-27my-well-side.png,ST1 카고 냉동,오토 프리미엄,"74,060,000원","74,060,000원","19,350,000원","14,500,000원","4,850,000원","1,300,000원","1,000,000원","300,000원","53,410,000원"
서울,서울특별시,https://www.hyundai.com/contents/repn-car/side-w/the-new-staria-electric-27pe-well-side.png,더 뉴 스타리아 Electric,2WD 오토 Modern 11인승,"60,290,000원","60,290,000원","19,500,000원","15,000,000원","4,500,000원",0원,0원,0원,"40,790,000원"
서울,서울특별시,https://www.hyundai.com/contents/repn-car/side-w/the-new-staria-lounge-electric-27pe-well-side.png,더 뉴 스타리아 라운지 Electric,2WD 오토 Prestige 11인승 라운지,"65,490,000원","65,490,000원","19,500,000원","15,000,000원","4,500,000원",0원,0원,0원,"45,990,000원"
서울,서울특별시,https://www.hyundai.com/contents/repn-car/side-w/nexo-27my-well-side.png,넥쏘,2WD 모던,"76,470,532원","80,447,000원","29,500,000원","22,500,000원","7,000,000원",0원,0원,0원,"46,970,532원"
서울,서울특별시,https://www.hyundai.com/contents/repn-car/side-w/nexo-27my-well-side.png,넥쏘,2WD 익스클루시브,"79,369,771원","83,497,000원","29,500,000원","22,500,000원","7,000,000원",0원,0원,0원,"49,869,771원"
서울,서울특별시,https://www.hyundai.com/contents/repn-car/side-w/nexo-27my-well-side.png,넥쏘,2WD 프레스티지,"83,789,923원","88,147,000원","29,500,000원","22,500,000원","7,000,000원",0원,0원,0원,"54,289,923원"
